,Dataset,Dataset Indices,d1,d2,d3,d4,d5,d6,d7,d8,d9,d10,Rotation,Flare,Ear (bin),Ear
246,SONICOM,38,1.58825,0.900999,1.66668,2.09915,6.24858,2.96023,0.73,1.01,0.93,0.16,5.337333423534588,29.887154701791175,1.0,Right
36,HUTUBS,62,1.7191,0.9265,1.8507,2.2303,6.1746,3.0439,0.38,0.89,1.07,0.27,14.3947,20.4438,0.0,Left
114,SONICOM,65,1.36784,0.985845,1.64651,1.43191,5.75449,2.52507,0.6,1.04,1.12,0.32,3.0445976699279753,30.042385307272298,0.0,Left
24,HUTUBS,44,1.7432,0.9449,1.9092,2.1059,5.9406,3.1855,0.84,1.22,1.32,0.24,13.9533,19.4855,0.0,Left
232,SONICOM,22,1.93559,0.803161,1.60971,2.25178,6.9494,3.65465,0.53,1.07,1.13,0.36,15.734472805390965,26.920868095578207,1.0,Right
289,SONICOM,95,1.60617,0.766447,1.65422,1.84591,5.98662,2.75243,0.65,0.96,1.04,0.35,15.188596314624217,37.034151550863136,1.0,Right
190,HUTUBS,63,1.4559,1.0391,1.7505,1.395,5.0187,2.6798,0.46,1.04,1.3,0.21,5.459,28.4195,1.0,Right
280,SONICOM,80,1.65788,0.94211,1.91613,1.39178,6.01903,3.37912,0.81,1.19,0.97,0.41,15.390155012582538,26.39005095131645,1.0,Right
166,HUTUBS,19,1.8683,0.9928,1.8561,2.1116,6.2772,3.1131,0.86,1.28,1.33,0.34,9.9889,18.947,1.0,Right
162,HUTUBS,10,1.9617,1.2107,1.8514,2.0998,6.9543,3.2059,0.78,1.36,1.2,0.4,14.5116,11.2187,1.0,Right
260,SONICOM,56,1.68968,1.12229,1.49786,1.42932,5.64739,2.69262,0.65,1.16,0.96,0.29,13.159724831166045,25.485321835268106,1.0,Right
184,HUTUBS,57,1.8687,0.9566,2.1588,2.2802,5.8426,3.0988,0.64,1.15,1.21,0.27,0.4532,29.9207,1.0,Right
187,HUTUBS,60,1.9683,0.9585,1.8731,2.0463,6.0661,2.7975,0.74,0.94,1.24,0.23,10.8585,22.9023,1.0,Right
194,HUTUBS,69,1.8338,1.0162,1.4433,2.2483,6.3716,3.1785,0.59,1.25,1.25,0.28,8.3413,40.0684,1.0,Right
32,HUTUBS,58,1.6789,0.9564,2.0382,2.2215,6.9696,3.1055,0.57,1.39,1.4,0.33,17.1233,27.0741,0.0,Left
168,HUTUBS,21,1.7081,1.1124,1.6562,1.9364,6.0202,2.8871,0.47,0.95,1.06,0.34,14.7783,20.1608,1.0,Right
292,SONICOM,98,1.32308,0.742259,1.43621,1.2177,5.35183,2.5827,0.63,0.73,0.66,0.22,7.767870497374974,34.261318882358644,1.0,Right
90,SONICOM,35,1.47892,0.851814,1.47892,1.41938,6.08672,2.66712,0.54,1.14,1.21,0.18,11.236021114764823,35.774671915343,0.0,Left
143,SONICOM,103,1.51193,0.7362111,1.7516,1.4121,5.45628,2.72062,0.6,0.93,0.96,0.36,15.547647427152981,19.198388133797657,0.0,Left
73,SONICOM,15,1.67262,1.13216,1.24853,1.14834,6.17541,2.61866,0.66,1.05,1.03,0.28,3.4739372260444306,45.40162216739729,0.0,Left
259,SONICOM,55,1.26727,0.656059,1.15206,1.37456,5.86189,2.32158,0.56,0.77,0.9,0.42,7.665624525595879,32.84458429965514,1.0,Right
68,SONICOM,9,1.74563,0.822826,1.6244,2.12649,6.31557,3.05712,0.78,1.19,1.1,0.26,16.684012655191456,37.584385826345745,0.0,Left
81,SONICOM,24,1.75985,0.831733,1.80556,2.17337,6.7732,2.96177,0.74,1.07,1.19,0.26,14.485559486157435,30.652772953225497,0.0,Left
286,SONICOM,89,1.73586,0.88553,1.67352,1.55448,6.81488,2.93119,0.59,1.14,1.16,0.19,9.880175527749214,21.39757742124475,1.0,Right
14,HUTUBS,20,1.9693,0.8674,1.6619,2.332,6.4315,2.7251,0.66,1.03,1.05,0.35,12.1239,21.1125,0.0,Left
295,SONICOM,102,1.3636,0.792641,1.34994,1.0852,5.36041,2.43243,0.2,0.63,0.41,0.25,11.595036042902299,32.53672522132154,1.0,Right
106,SONICOM,55,1.35768,0.997187,1.21714,1.45615,5.60816,2.48837,0.41,0.62,0.68,0.44,7.743489694620953,34.83384642357094,0.0,Left
160,HUTUBS,8,1.8736,0.9986,1.5884,2.3901,6.3849,3.0015,0.56,1.3,1.23,0.3,13.4111,39.6812,1.0,Right
1,HUTUBS,2,1.6519,0.7355,1.6866,2.1071,6.1078,2.8449,0.6,1.1,1.26,0.39,10.0731,14.428,0.0,Left
39,HUTUBS,67,2.0847,0.9929,1.5302,2.2808,6.1982,3.3811,0.65,1.13,1.02,0.28,9.2536,25.3869,0.0,Left
171,HUTUBS,30,1.6905,0.9409,1.5896,2.0519,6.1101,2.6356,0.43,0.98,1.1,0.31,17.9665,42.5755,1.0,Right
17,HUTUBS,29,1.8255,1.0835,1.7817,2.0098,6.0936,2.9337,0.58,0.92,1.03,0.29,14.954,22.7625,0.0,Left
271,SONICOM,71,1.46139,0.957302,1.56777,1.97991,5.94781,3.32997,0.4,0.85,0.76,0.3,7.804613687299482,27.835676634338046,1.0,Right
113,SONICOM,64,1.72801,0.873547,1.4662,1.21969,5.85933,2.60765,0.57,0.89,0.83,0.38,9.619918440688066,26.402999299445067,0.0,Left
281,SONICOM,81,1.853,0.97191,1.80136,1.90566,6.29333,2.85527,0.36,1.14,1.09,0.31,14.305705513351013,21.901638738164177,1.0,Right
290,SONICOM,96,1.73911,0.873557,1.25165,0.896966,6.573,2.60076,0.57,1.12,1.06,0.39,5.781959155552009,40.63113945858944,1.0,Right
100,SONICOM,46,2.025,1.123,1.34277,1.49227,6.74666,2.98414,0.52,1.12,1.12,0.25,18.082020747240907,26.93295771308549,0.0,Left
137,SONICOM,96,1.59493,0.785806,1.26143,0.89036,6.39826,2.69075,0.38,0.91,1.03,0.31,7.185967715431331,38.78894243493408,0.0,Left
124,SONICOM,77,1.58091,0.858559,1.69877,1.12994,6.35715,2.79302,0.59,1.09,1.03,0.32,9.946920489960693,29.728330468049062,0.0,Left
191,HUTUBS,66,1.9506,0.8917,1.3934,2.2939,6.5431,3.215,0.49,0.99,1.15,0.34,8.9512,31.9147,1.0,Right
266,SONICOM,64,1.65151,0.637884,1.85135,1.34821,5.98275,3.01973,0.63,0.96,0.87,0.38,0.3581948757692881,17.1771755310915,1.0,Right
226,SONICOM,15,1.67359,0.577562,1.58295,1.89089,6.33661,2.67496,0.66,1.03,1.14,0.35,4.710903371838321,31.014777002676304,1.0,Right
91,SONICOM,36,1.67547,0.8524,1.5193,1.96749,6.57346,2.8013,0.62,1.1,1.19,0.24,1.5154485555097745,22.222804549356066,0.0,Left
95,SONICOM,40,1.63913,0.798111,2.24501,1.95986,5.80658,3.24918,0.5,1.11,1.11,0.27,15.794510276880906,17.490990176291216,0.0,Left
216,SONICOM,3,1.65102,0.772738,1.34333,1.62135,6.20277,2.66273,0.57,1.21,1.27,0.38,12.178257045848065,27.72834130201204,1.0,Right
150,SONICOM,176,1.619,0.790498,1.42457,1.87864,6.00126,2.64497,0.46,0.98,0.92,0.26,6.831502672817467,34.85669660057104,0.0,Left
300,SONICOM,107,1.549,0.97621,1.82978,1.43427,6.24291,2.86051,0.57,1.1,1.01,0.31,11.38011575195721,18.214966349405973,1.0,Right
123,SONICOM,76,1.48217,0.752869,1.46928,1.68766,5.64089,2.723,0.29,0.88,0.89,0.31,8.378848553791315,43.09337017548628,0.0,Left
15,HUTUBS,21,1.594,0.9909,1.4832,1.839,6.0184,2.7466,0.47,1.0,1.1,0.34,16.0278,24.8924,0.0,Left
299,SONICOM,106,1.85532,0.884949,1.76809,1.74712,6.59091,2.82291,0.65,1.08,0.89,0.34,1.8111443342075504,39.651061458202534,1.0,Right
265,SONICOM,63,1.72029,0.997645,1.56955,1.36529,6.25602,2.75505,0.55,1.3,1.15,0.17,4.995178199048816,25.09683328431093,1.0,Right
127,SONICOM,80,1.6129,0.943541,1.97441,1.76573,6.07243,3.29533,0.68,1.37,1.1,0.54,13.618264593853299,20.981747726177087,0.0,Left
293,SONICOM,100,1.54174,0.915139,1.56678,1.76762,6.23664,2.7979,0.59,0.96,1.1,0.39,4.970536411627554,16.025489482526954,1.0,Right
35,HUTUBS,61,1.9962,1.1429,1.7523,2.0353,6.4656,3.4547,0.66,1.05,1.09,0.25,15.4084,18.7852,0.0,Left
153,HUTUBS,1,1.58,1.11,1.77,2.27,6.01,3.18,0.72,1.1,1.1,0.23,12.2154,25.2729,1.0,Right
229,SONICOM,18,1.34039,1.00437,1.57502,1.48336,5.79955,2.96238,0.64,1.04,1.18,0.3,13.95533511680354,22.233916419866812,1.0,Right
29,HUTUBS,49,2.1019,1.0304,1.8066,2.1069,6.1259,2.8759,0.83,1.12,1.06,0.38,13.7884,41.5432,0.0,Left
285,SONICOM,88,1.87046,0.529456,1.6001,1.13624,5.79439,2.86128,1.73,0.94,0.75,0.56,10.475129168864557,40.3651718390545,1.0,Right
69,SONICOM,10,1.55838,0.82667,1.9554,1.81831,6.13103,3.03602,0.65,1.18,1.35,0.31,7.07866084827368,19.73835023172156,0.0,Left
173,HUTUBS,32,1.9044,0.9511,1.6031,2.1004,6.0817,2.9985,0.6,1.04,1.11,0.31,6.0444,23.9581,1.0,Right
149,SONICOM,172,1.359,0.948368,1.65401,1.56467,5.70218,2.98431,0.5,0.83,1.02,0.46,2.0867702549459026,21.676472570655527,0.0,Left
43,HUTUBS,71,1.712,1.1477,1.7502,1.9562,6.4527,3.3754,0.97,1.18,1.28,0.36,9.496,28.7584,0.0,Left
268,SONICOM,66,1.26538,0.932818,1.72779,1.26507,4.43024,2.34265,0.41,0.59,0.75,0.19,3.908296986830613,64.50215674336978,1.0,Right
188,HUTUBS,61,1.9957,1.1276,1.8394,2.0217,6.3892,3.4257,0.66,1.1,1.1,0.25,6.6193,20.7621,1.0,Right
185,HUTUBS,58,1.8007,1.028,2.0425,2.2214,6.9569,3.275,0.57,1.5,1.46,0.33,20.053,30.6095,1.0,Right
258,SONICOM,54,1.71008,0.816428,1.7893,1.97967,6.85168,2.92438,0.86,1.0,1.18,0.37,11.006960726022221,24.768684772062105,1.0,Right
64,SONICOM,4,1.71152,0.924454,1.6262,1.67156,6.62391,2.67586,0.41,1.3,1.18,0.26,11.585617365519564,38.63882452119114,0.0,Left
109,SONICOM,59,1.5222,1.05597,1.54866,1.55118,5.92541,3.04523,0.43,0.7,0.86,0.27,9.36887517522986,29.824613627880087,0.0,Left
38,HUTUBS,66,2.0343,0.9336,1.4511,2.2259,6.5258,3.2549,0.49,0.99,1.11,0.34,7.3546,26.2669,0.0,Left
82,SONICOM,25,1.615,0.866558,1.82242,1.98102,6.42573,3.0273,0.49,1.08,1.18,0.42,9.127712147799937,30.286024818447366,0.0,Left
264,SONICOM,62,1.61209,0.932677,1.73172,1.40326,6.06456,3.06334,0.68,1.13,1.17,0.15,9.246755959888123,27.266594507364704,1.0,Right
235,SONICOM,25,1.4803,0.798413,1.76688,2.00912,6.17111,3.00713,0.55,1.15,1.29,0.3,11.249989696315678,30.10570615980408,1.0,Right
112,SONICOM,63,1.9115,0.885255,1.48963,1.60551,6.40822,2.59723,0.5,1.3,1.2,0.15,4.1409607253923495,34.83509743311998,0.0,Left
98,SONICOM,44,1.62137,0.83952,1.45389,1.65069,6.4083,2.6714,0.53,0.85,0.97,0.44,14.776264147649194,25.994481797442607,0.0,Left
141,SONICOM,101,1.69516,0.988441,1.82997,1.26519,5.7373,2.4843,0.41,1.17,1.12,0.43,12.89179565207778,31.921394800266047,0.0,Left
85,SONICOM,28,1.61387,0.945881,1.94927,1.84722,6.02207,3.25084,0.48,1.06,1.39,0.35,14.754278706090254,18.82549218565208,0.0,Left
10,HUTUBS,11,1.8448,1.0187,1.4413,1.7087,6.1755,2.4318,0.598,1.02,1.1,0.23,14.5198,25.3797,0.0,Left
132,SONICOM,88,2.162,0.701225,1.61874,1.1644,5.62904,2.82122,1.35,1.03,1.02,0.58,10.477578062698315,34.51927037574741,0.0,Left
163,HUTUBS,11,1.9053,0.9878,1.5079,1.7273,6.1274,2.5331,0.6,0.98,1.12,0.23,18.6591,16.6062,1.0,Right
228,SONICOM,17,1.76482,1.1273,1.71556,1.69001,6.75899,2.96576,0.69,1.17,1.16,0.32,11.248688716838862,18.30019965732295,1.0,Right
49,HUTUBS,78,1.6851,1.0036,1.4535,1.7708,5.628,2.9485,0.38,1.11,1.04,0.33,8.246,22.2614,0.0,Left
225,SONICOM,14,1.39675,1.02404,1.39546,1.36128,6.13582,2.50383,0.66,0.92,1.01,0.33,2.737463304381841,28.673181500388576,1.0,Right
93,SONICOM,38,1.53868,1.09305,1.70712,2.02011,6.43412,2.62362,0.72,1.11,0.97,0.22,8.123643042830478,32.36200327126955,0.0,Left
214,SONICOM,1,2.15879,0.603589,1.58066,1.74339,6.77718,2.99259,0.69,1.36,1.28,0.38,10.115988382895068,24.838315226947913,1.0,Right
224,SONICOM,13,1.94715,0.785784,1.60787,1.88796,6.69462,2.9803,0.67,1.17,1.18,0.45,10.65988262622193,35.018742815906684,1.0,Right
4,HUTUBS,5,1.534,1.139,2.1198,2.0516,6.2306,2.8622,0.5,1.09,1.19,0.41,20.6508,8.6028,0.0,Left
46,HUTUBS,75,1.8336,1.0155,1.5038,2.1722,6.1552,3.2622,0.56,0.9,1.15,0.18,12.8625,24.4402,0.0,Left
138,SONICOM,97,1.51728,0.860073,1.99856,1.94278,5.87159,2.96321,0.54,1.46,1.59,0.31,14.371762539689437,23.060198036689396,0.0,Left
80,SONICOM,23,1.9179,0.885877,1.58614,1.53721,5.92953,3.0814,0.66,1.11,0.95,0.27,14.277142808108678,28.65298220383512,0.0,Left
233,SONICOM,23,1.75926,0.876481,1.4644,1.8884,6.17267,2.97686,0.69,1.01,1.02,0.29,8.635966907828669,32.23078454013568,1.0,Right
2,HUTUBS,3,1.6712,0.9326,1.6958,2.2112,6.0814,2.9436,0.73,1.1,1.18,0.47,15.6165,27.1099,0.0,Left
238,SONICOM,28,1.53192,0.902184,2.02541,1.77801,5.96534,3.25334,0.72,0.98,1.17,0.28,10.507131416967017,16.938568488402332,1.0,Right
56,HUTUBS,91,1.6271,0.9381,1.6635,2.1499,5.8941,2.9325,0.76,1.09,1.25,0.29,6.3377,22.0418,0.0,Left
3,HUTUBS,4,1.8533,1.0162,2.0469,2.3893,6.0353,2.569,0.61,1.27,1.3,0.35,12.3134,36.5629,0.0,Left
186,HUTUBS,59,2.0164,1.0622,1.4443,1.8853,5.9932,2.898,0.79,1.15,1.25,0.33,14.6932,25.3455,1.0,Right
50,HUTUBS,80,1.7713,0.9531,1.7265,1.9865,6.1662,3.0327,0.49,1.42,1.45,0.35,15.8907,15.3557,0.0,Left
211,HUTUBS,94,1.7165,0.8943,1.6902,1.9934,4.9727,2.4002,0.56,1.13,0.95,0.23,14.6413,25.824,1.0,Right
183,HUTUBS,55,1.8016,1.1165,1.4275,2.263,6.1243,2.6872,0.63,1.3,1.4,0.22,5.8158,29.5972,1.0,Right
192,HUTUBS,67,1.9704,1.016,1.8248,2.2715,6.2389,3.4584,0.65,1.13,1.04,0.28,8.8504,27.3793,1.0,Right
203,HUTUBS,80,1.7341,1.009,1.7281,1.8959,6.0709,3.008,0.49,1.4,1.35,0.35,10.5847,16.8221,1.0,Right
66,SONICOM,6,1.59505,0.736141,1.88366,1.48713,6.16572,3.17827,0.64,0.96,1.17,0.26,13.876485113974764,25.408833777008322,0.0,Left
121,SONICOM,74,1.46807,0.986405,1.51463,1.35385,5.96633,2.46458,0.4,1.13,1.13,0.27,11.048702511645027,36.67834168275778,0.0,Left
277,SONICOM,77,1.57556,0.757546,1.4969,1.4011,6.15572,2.5944,0.52,0.96,1.0,0.27,3.7315945682124187,39.78139053995204,1.0,Right
205,HUTUBS,82,2.1024,1.0717,2.0195,2.5292,6.5344,3.6648,0.57,1.24,1.36,0.26,9.0934,33.4589,1.0,Right
108,SONICOM,58,1.78787,1.237779,1.32841,1.38102,6.33978,2.97875,0.55,0.8,0.94,0.48,5.6535139392669675,43.45896752791223,0.0,Left
279,SONICOM,79,1.75769,1.24556,1.86936,1.94206,6.50081,3.5303,0.77,1.39,1.09,0.23,8.593423671605882,25.246706091211784,1.0,Right
304,SONICOM,181,1.40915,1.01509,1.54119,1.16065,5.73735,3.06165,0.44,0.75,0.37,0.15,10.343370676273214,30.629218665552088,1.0,Right
142,SONICOM,102,1.56438,0.857743,1.31666,1.74986,5.38514,2.67596,0.22,0.8,0.61,0.2,16.890378952783394,31.2523216994904,0.0,Left
182,HUTUBS,49,2.1276,1.0351,1.7785,2.108,6.3255,2.753,0.83,1.08,1.1,0.38,6.3509,37.8943,1.0,Right
204,HUTUBS,81,1.9489,0.8821,1.4531,1.3536,5.5381,2.7208,0.68,1.0,1.0,0.29,13.4757,33.7073,1.0,Right
11,HUTUBS,12,1.794,1.0988,2.0011,2.3893,6.4604,3.0007,0.64,1.04,1.2,0.35,15.6989,28.85,0.0,Left
134,SONICOM,91,1.43301,1.07729,1.71059,1.77796,6.36563,2.8361,0.44,1.01,1.07,0.28,11.072533870703152,20.002941474350408,0.0,Left
278,SONICOM,78,1.88987,1.07467,1.59032,1.79042,6.37896,3.21379,0.64,1.06,0.95,0.3,8.793634157159984,30.1961641170912,1.0,Right
28,HUTUBS,48,1.716,0.9149,1.3374,1.9573,5.7167,2.7941,0.42,0.99,0.93,0.36,8.0393,26.2162,0.0,Left
195,HUTUBS,70,1.7182,0.9218,1.5425,1.8537,5.7484,2.9691,0.5,1.1,1.2,0.26,14.4409,21.7727,1.0,Right
30,HUTUBS,55,1.7018,0.9721,1.3709,2.1631,6.0495,2.8277,0.63,1.28,1.39,0.22,6.7896,24.3769,0.0,Left
86,SONICOM,30,1.673,0.961239,1.64017,1.33378,5.36466,2.98085,0.56,0.98,0.98,0.42,10.950801734115164,28.99270295485843,0.0,Left
209,HUTUBS,91,1.6464,1.0033,1.6456,1.9582,5.8354,3.0065,0.76,0.96,1.24,0.29,7.1341,23.6179,1.0,Right
37,HUTUBS,63,1.5124,0.9148,1.7923,1.3375,4.9783,2.7462,0.46,1.001,1.26,0.21,7.3119,18.5086,0.0,Left
72,SONICOM,14,1.36937,1.05391,1.74904,1.36937,5.98394,2.5882,0.62,0.98,1.06,0.24,1.3765949055367257,19.471762540340958,0.0,Left
240,SONICOM,31,1.64342,0.629879,1.16293,1.48436,5.84136,2.98443,0.6,1.24,1.09,0.4,11.396330709109803,39.27961603813726,1.0,Right
53,HUTUBS,88,1.7848,0.9542,1.6287,2.1294,5.7833,2.5578,0.65,1.16,1.2,0.34,7.3446,18.8856,0.0,Left
131,SONICOM,86,1.68474,1.50207,1.71271,0.855695,6.19223,2.93738,0.76,1.05,1.17,0.42,7.852672130210218,29.368795637196,0.0,Left
107,SONICOM,56,1.63622,0.869121,1.24049,1.26061,5.62945,2.95968,0.55,1.07,0.9,0.18,10.384477993573118,38.04356605863385,0.0,Left
303,SONICOM,176,1.5651,0.761611,1.39531,1.31079,6.07951,3.2188,0.42,0.83,0.72,0.35,11.307272757768368,32.873261513292505,1.0,Right
297,SONICOM,104,1.7612,0.763457,1.89945,1.96077,6.45335,3.09279,0.61,1.17,1.26,0.28,9.67971516910687,20.821110916139297,1.0,Right
236,SONICOM,26,1.72149,0.851644,1.83537,1.78226,6.22095,2.74952,0.71,1.01,1.02,0.2,6.495338477447768,11.796701992967547,1.0,Right
7,HUTUBS,8,1.9411,0.9054,1.7162,2.4153,6.4566,2.8507,0.6,1.27,1.21,0.3,14.7688,36.6964,0.0,Left
18,HUTUBS,30,1.761,0.7156,1.6055,2.1183,5.9379,2.5562,0.43,1.04,1.12,0.31,14.1656,44.8042,0.0,Left
257,SONICOM,53,1.52916,1.4775,1.63364,1.26909,5.85649,2.7289,0.85,1.0,1.19,0.19,6.148033471728355,33.95708931611327,1.0,Right
276,SONICOM,76,1.6071,0.736227,1.10051,2.16117,5.67233,2.75715,0.59,0.98,0.87,0.23,12.797835336061487,44.624192954503165,1.0,Right
105,SONICOM,54,1.75604,0.887773,2.0504,2.09498,6.88771,2.94341,0.89,1.25,1.23,0.22,12.235202641326602,18.57201633739877,0.0,Left
208,HUTUBS,90,1.7097,1.0045,1.8014,2.1102,6.1035,2.971,0.85,1.0,1.03,0.36,17.9897,19.2776,1.0,Right
0,HUTUBS,1,1.7,0.82,1.79,2.18,5.99,3.24,0.72,1.16,1.09,0.23,16.4941,27.9157,0.0,Left
110,SONICOM,61,1.43477,1.08049,1.80464,1.51484,5.95061,2.75795,0.57,1.15,1.24,0.34,12.106003629965125,18.78644626968264,0.0,Left
103,SONICOM,50,1.323006,0.74759,1.78164,1.82224,6.40415,2.94106,0.49,1.19,1.29,0.22,2.2472484106221864,19.967605879453817,0.0,Left
54,HUTUBS,89,1.8501,0.907,1.8069,1.6521,6.0629,2.9158,0.74,1.38,1.2,0.3,16.6888,24.5802,0.0,Left
244,SONICOM,36,1.743,0.83505,1.69949,1.91755,6.44041,2.73793,0.52,1.01,0.89,0.32,1.2991996552961065,27.504168626968863,1.0,Right
25,HUTUBS,45,1.6574,1.0701,1.6882,1.9757,6.3975,2.8051,0.5,1.4,1.4,0.23,14.3411,18.1576,0.0,Left
253,SONICOM,46,1.975,0.959192,1.47089,1.70676,6.7826,2.48294,0.52,1.29,1.21,0.22,15.766136922511349,29.11298447325886,1.0,Right
158,HUTUBS,6,1.5933,0.9966,1.7687,2.0624,6.0428,2.9419,0.61,1.15,1.1,0.34,20.337,25.7905,1.0,Right
170,HUTUBS,29,1.8604,1.0979,1.7296,2.0117,6.1036,3.0056,0.58,0.8,1.02,0.29,12.7446,30.3769,1.0,Right
97,SONICOM,43,1.41787,0.682945,1.5705,1.6618,5.79683,2.31699,0.54,1.04,1.06,0.24,4.046805495337959,25.46827524042375,0.0,Left
181,HUTUBS,48,1.6946,0.9448,1.1351,1.859,5.802,2.4589,0.42,1.0,0.95,0.36,4.6225,35.6242,1.0,Right
254,SONICOM,47,1.72362,0.958821,1.31842,1.19315,5.69041,2.22395,0.45,0.97,0.86,0.22,12.389135763298055,30.335072998314274,1.0,Right
116,SONICOM,68,1.6631,0.826541,1.62114,1.83762,5.9322,2.94172,0.62,1.18,1.42,0.3,8.370565617902693,37.828399292764566,0.0,Left
174,HUTUBS,33,2.2011,1.3284,1.7563,2.3434,6.3452,2.6878,0.98,1.3,1.4,0.37,10.4431,38.8867,1.0,Right
31,HUTUBS,57,1.6913,1.0106,2.1511,2.2181,5.7439,3.2809,0.64,1.2,1.17,0.27,0.6255,33.7733,0.0,Left
74,SONICOM,16,1.61605,0.859859,1.82347,1.2186,5.66563,3.40141,0.56,1.17,1.04,0.43,18.13591613458802,23.61050189713516,0.0,Left
180,HUTUBS,47,1.91,1.0784,2.0163,2.6523,7.0096,3.1068,0.71,1.23,1.0,0.3,16.9832,31.8436,1.0,Right
79,SONICOM,22,1.94628,1.07106,1.64138,1.92575,7.08547,3.12483,0.7,1.24,1.36,0.3,17.673792282228387,25.05950622077914,0.0,Left
52,HUTUBS,82,2.0686,1.0736,1.9957,2.4664,6.5327,3.6449,0.57,1.22,1.37,0.26,14.9754,42.7338,0.0,Left
305,SONICOM,196,1.54056,0.783163,1.7048,0.856886,4.86,2.82853,0.44,0.98,0.99,0.24,17.03727352324044,29.801783542946453,1.0,Right
42,HUTUBS,70,1.7399,0.8243,1.7033,1.843,5.8674,2.9323,0.5,1.11,1.18,0.26,18.1376,17.6266,0.0,Left
222,SONICOM,10,1.43973,0.793912,1.85466,1.84973,5.88858,3.16421,0.78,1.11,1.3,0.42,14.466105721067388,21.877276895924407,1.0,Right
136,SONICOM,95,1.72739,0.662261,1.88487,1.8464,5.98252,3.31755,0.85,1.1,1.11,0.28,18.824929055964148,27.66309202925474,0.0,Left
119,SONICOM,72,1.73548,0.656594,1.61852,1.40662,6.6949,2.81077,0.5,1.35,1.24,0.2,4.618858785307963,23.590636418777247,0.0,Left
70,SONICOM,11,1.47123,1.01381,1.54942,0.99965,6.00653,2.54,0.64,1.08,1.11,0.37,7.472234613012555,37.05129656073644,0.0,Left
47,HUTUBS,76,1.6218,0.839,1.8334,1.9207,6.1249,2.9939,0.56,0.9,1.1,0.42,15.4491,30.9816,0.0,Left
34,HUTUBS,60,1.9307,1.0129,2.0073,2.1097,6.0063,2.8845,0.74,1.02,1.23,0.23,17.8851,23.3334,0.0,Left
71,SONICOM,13,2.0482,0.757072,1.78919,1.58661,6.41818,3.15403,0.55,1.12,1.2,0.34,12.47139605705115,32.870705917952904,0.0,Left
62,SONICOM,2,1.7971,1.029,1.25694,1.7241,6.74632,2.83772,0.54,1.35,1.05,0.25,14.352561859023515,41.938039727958646,0.0,Left
210,HUTUBS,93,2.0022,0.9814,1.7875,2.2838,6.9702,3.4813,0.77,1.22,1.15,0.31,6.6747,29.8019,1.0,Right
199,HUTUBS,75,1.8067,1.0735,1.4833,2.2334,6.176,3.4515,0.56,1.01,1.15,0.18,9.8397,27.3528,1.0,Right
196,HUTUBS,71,1.8089,1.0687,1.9732,2.0414,6.4456,3.5122,0.97,1.19,1.27,0.36,5.9015,34.3562,1.0,Right
176,HUTUBS,41,1.666,0.9507,1.4584,2.1702,5.6548,2.5683,0.47,1.02,1.15,0.25,6.0596,26.8335,1.0,Right
273,SONICOM,73,1.44014,0.958445,1.79164,1.54766,5.97911,3.02451,0.64,0.96,0.94,0.24,7.2654987011486565,26.862138634417633,1.0,Right
165,HUTUBS,16,1.6608,1.2328,1.8043,1.6599,5.6926,3.0492,0.63,1.02,1.33,0.37,7.4584,17.5939,1.0,Right
133,SONICOM,89,1.782,0.817904,1.61649,1.82777,6.59643,2.75947,0.43,1.17,1.37,0.41,13.388654459725094,22.17623208712512,0.0,Left
223,SONICOM,11,1.65732,0.565154,1.5398,1.4428,5.65154,2.50746,0.72,1.12,1.03,0.39,9.56376688442799,27.682548995909254,1.0,Right
151,SONICOM,181,1.45676,0.821868,1.61025,1.26245,5.5703,2.97606,0.56,0.72,1.02,0.52,9.016984723007242,32.31775165872861,0.0,Left
22,HUTUBS,40,1.6988,0.9894,1.8469,2.0611,6.1612,3.0905,0.75,1.2,1.28,0.25,9.7232,21.9099,0.0,Left
198,HUTUBS,73,1.7793,0.7553,1.4627,2.0736,5.8605,2.9296,0.64,1.0,0.98,0.45,14.2337,20.8388,1.0,Right
296,SONICOM,103,1.46817,0.777277,1.7786,1.41411,5.3716,2.68198,0.6,0.75,0.9,0.24,10.202052047860166,21.024699719670775,1.0,Right
96,SONICOM,42,1.34616,0.931812,1.79279,1.96744,5.60771,2.86439,0.41,1.03,1.16,0.16,8.697514628330394,23.778645077298826,0.0,Left
156,HUTUBS,4,1.8577,1.0781,1.9799,2.329,6.0968,2.5056,0.58,1.24,1.2,0.35,6.9285,37.7374,1.0,Right
23,HUTUBS,41,1.689,0.852,1.7314,2.2904,5.5257,2.6749,0.47,1.07,1.15,0.25,7.636,12.7432,0.0,Left
9,HUTUBS,10,1.9566,1.2164,2.0735,2.0446,6.8827,3.185,0.78,1.38,1.2,0.4,15.9621,12.347,0.0,Left
128,SONICOM,81,1.6701,0.961524,1.7789,1.86575,6.30986,2.8691,0.36,1.26,1.23,0.36,13.15516297521889,19.495118774192736,0.0,Left
148,SONICOM,124,1.71006,0.928945,1.42517,1.59679,6.27407,2.91365,0.47,0.99,1.02,0.29,1.5704170855928379,33.50178726688473,0.0,Left
212,HUTUBS,95,1.8143,1.2127,1.9416,2.3219,6.0807,3.0358,0.67,1.25,1.35,0.24,8.3747,22.2037,1.0,Right
241,SONICOM,32,1.52402,0.623763,1.37562,1.78224,5.7593,2.45637,0.39,0.72,0.84,0.23,10.363284960412225,32.358301198049425,1.0,Right
154,HUTUBS,2,1.6887,0.7851,1.7066,2.1061,6.08,2.8941,0.6,1.05,1.23,0.39,12.6475,19.3225,1.0,Right
60,SONICOM,0,1.75787,0.8412,2.16518,1.38122,6.24926,3.21584,0.77,1.26,1.1,0.31,5.977643663248638,27.810839053463,0.0,Left
118,SONICOM,71,0.962221,0.906774,1.716,1.97636,6.21504,3.23848,0.43,0.79,0.83,0.31,11.724507497742954,23.56273278825527,0.0,Left
45,HUTUBS,73,1.7891,0.78,1.6286,2.1622,5.8689,2.8096,0.64,1.15,1.14,0.45,11.7775,22.3933,0.0,Left
6,HUTUBS,7,1.8705,1.1934,1.45,2.0739,6.55,2.8944,0.82,1.29,1.33,0.33,9.6536,23.4961,0.0,Left
284,SONICOM,86,1.65421,0.713739,1.644,1.76988,6.51695,2.953,0.78,1.11,1.1,0.22,7.5386739206343005,27.235282891661118,1.0,Right
140,SONICOM,100,1.53837,0.652406,1.50746,1.47347,6.01014,2.918,0.56,0.78,0.91,0.54,7.960702008608077,31.832070072632938,0.0,Left
215,SONICOM,2,1.5622,0.929187,1.43207,1.71747,6.47703,3.05309,0.74,1.46,1.27,0.31,15.342005957038133,40.300760670865785,1.0,Right
275,SONICOM,75,1.94041,0.833589,1.59741,1.59064,6.50254,3.17948,0.79,1.49,0.95,0.22,1.3565985154860631,32.010425179977304,1.0,Right
111,SONICOM,62,1.50322,1.11394,1.60577,1.37829,6.24346,3.08614,0.76,1.21,1.29,0.24,6.8571541959323525,31.02977695344185,0.0,Left
26,HUTUBS,46,1.7919,1.0866,1.2838,1.7669,5.6593,2.7316,0.43,0.93,0.99,0.24,4.2059,39.5613,0.0,Left
213,SONICOM,0,1.64423,1.09207,2.07804,1.22508,6.2853,3.24768,0.77,1.25,1.29,0.38,10.837784036767582,22.038099899978825,1.0,Right
27,HUTUBS,47,1.8503,0.9873,2.1566,2.602,6.8276,3.4548,0.71,1.22,1.12,0.3,16.5444,22.8893,0.0,Left
288,SONICOM,92,1.80451,0.917665,1.55739,2.02762,6.39965,2.83043,0.65,1.16,1.23,0.37,4.802760604313574,38.46283172691384,1.0,Right
104,SONICOM,53,1.50288,0.680927,1.756,1.71021,6.0439,2.764,0.66,0.88,0.96,0.18,2.9529042058796766,31.974307158413954,0.0,Left
130,SONICOM,83,1.46047,0.766088,1.44542,1.81245,6.47855,2.67175,0.46,0.92,1.17,0.25,7.1897558587752695,24.73452746524032,0.0,Left
242,SONICOM,34,1.50624,1.14574,1.50327,2.38289,6.61688,2.87335,0.72,1.37,1.32,0.28,7.669371148225134,24.039187073261964,1.0,Right
115,SONICOM,66,1.56926,0.9712,1.27809,1.30909,4.92974,2.208,0.34,0.82,1.09,0.19,8.397296805943807,63.38278650944247,0.0,Left
21,HUTUBS,33,2.1963,1.3589,1.6733,2.2258,6.2931,2.6529,0.98,1.37,1.42,0.37,9.6065,38.3482,0.0,Left
33,HUTUBS,59,1.9496,1.1203,1.5515,1.8002,6.1548,2.8747,0.79,1.13,1.28,0.33,7.5543,26.7089,0.0,Left
144,SONICOM,104,1.83923,0.9591,1.83103,1.94053,6.12153,2.91223,0.65,0.93,1.24,0.22,13.055231919802855,24.51255633537461,0.0,Left
255,SONICOM,48,1.46773,0.935773,1.84462,1.73545,6.62166,3.13828,0.67,1.23,1.17,0.34,7.734057156987664,30.63982428944694,1.0,Right
41,HUTUBS,69,1.7968,0.9256,1.7697,2.2631,6.4997,3.1547,0.59,1.24,1.27,0.28,3.4553,37.6615,0.0,Left
263,SONICOM,61,1.38199,0.896339,1.70433,1.4142,5.89398,2.8232,0.49,1.07,1.07,0.28,8.872888973973918,21.884871418158504,1.0,Right
250,SONICOM,43,1.31847,0.779164,1.83451,1.74271,5.65993,2.75513,0.44,0.85,0.42,0.22,1.0782229095970295,20.347455129193502,1.0,Right
40,HUTUBS,68,1.9948,1.0126,1.8452,2.5099,6.833,3.1096,0.66,1.44,1.47,0.31,5.7582,24.4418,0.0,Left
159,HUTUBS,7,1.9439,1.2172,1.5209,2.1661,6.5567,3.003,0.79,1.33,1.23,0.33,13.5028,14.0968,1.0,Right
207,HUTUBS,89,1.7916,0.9864,1.5099,2.0011,6.1537,3.0345,0.74,1.3,1.2,0.3,8.4369,26.9951,1.0,Right
251,SONICOM,44,1.5774,0.871434,1.55935,0.800143,5.79444,2.78253,0.47,0.94,1.11,0.37,8.309461753196594,30.265303867223928,1.0,Right
301,SONICOM,124,1.56856,0.996342,1.49675,1.91804,6.28073,3.09678,0.63,0.78,0.78,0.34,4.203254460196242,29.252078369939262,1.0,Right
117,SONICOM,70,1.68712,0.970607,2.18438,1.9672,6.73774,3.87279,0.67,1.27,1.3,0.37,3.075904849460697,25.879144960949905,0.0,Left
261,SONICOM,58,1.62102,0.570286,1.47773,1.33786,6.42602,3.08079,0.4,1.11,1.07,0.21,11.124377716363037,31.183359524397872,1.0,Right
177,HUTUBS,44,1.7812,1.0746,1.9438,2.2046,6.048,3.1908,0.84,1.26,1.26,0.24,12.0319,18.3209,1.0,Right
262,SONICOM,59,1.45754,0.9634,1.60398,1.81661,5.74383,3.02051,0.32,0.7,0.8,0.19,10.002402483440049,25.830953519725913,1.0,Right
291,SONICOM,97,1.7055,0.839932,1.71953,2.02256,5.8864,2.81168,0.61,1.39,1.43,0.37,8.348722419602739,22.23572550782679,1.0,Right
8,HUTUBS,9,1.7511,0.9601,2.0294,1.8276,5.7899,2.7984,0.7,1.2,1.1,0.27,16.0167,24.1723,0.0,Left
282,SONICOM,82,1.55371,0.790713,1.45217,1.79947,5.40305,2.79872,0.68,0.93,0.95,0.21,10.174854551239276,49.60132874168662,1.0,Right
234,SONICOM,24,1.7983,0.835901,1.6354,1.91728,6.75432,2.80697,0.49,1.02,1.01,0.29,11.641483502295872,32.06133988060475,1.0,Right
125,SONICOM,78,2.02635,0.895087,1.72913,1.52009,6.37408,3.16098,0.65,1.09,0.94,0.31,6.89493011546466,29.12337717570656,0.0,Left
102,SONICOM,48,1.38412,1.09184,2.0783,2.09343,6.78309,3.09162,0.66,1.36,1.2,0.31,9.753912448485629,26.929007560928458,0.0,Left
152,SONICOM,196,1.44929,0.844443,1.63221,0.621509,5.1459,2.82438,0.35,0.95,0.93,0.9,9.533992688378468,32.696798327264524,0.0,Left
175,HUTUBS,40,1.8022,0.9893,1.7902,2.1123,6.0864,2.7145,0.75,1.17,1.24,0.25,9.0404,19.9811,1.0,Right
135,SONICOM,92,1.635,0.863003,1.53277,1.84915,6.1013,2.94254,0.6,1.54,1.33,0.35,6.854789014365937,38.861230676810834,0.0,Left
169,HUTUBS,23,1.8096,1.1181,1.8159,2.235,6.327,3.2584,0.4,1.13,1.3,0.24,9.983,12.8443,1.0,Right
247,SONICOM,39,1.8627,0.798636,1.72226,2.60856,6.19986,2.94065,0.43,0.99,0.97,0.27,8.403304629677354,24.697068759057437,1.0,Right
283,SONICOM,83,1.63248,0.597137,1.4448,1.97065,6.12649,2.71839,0.45,1.12,0.82,0.21,7.3803483265817995,25.752310760832927,1.0,Right
221,SONICOM,9,1.85041,0.829077,1.66484,2.1477,6.13164,3.18665,0.64,1.16,1.12,0.28,16.970529793486556,33.1972255267769,1.0,Right
99,SONICOM,45,1.74205,0.840955,1.46203,2.12494,6.50979,2.88653,0.53,1.26,1.14,0.33,5.953192911129038,31.168638469555862,0.0,Left
65,SONICOM,5,1.511208,0.861107,1.27073,1.74723,5.91259,2.55186,0.49,0.98,1.18,0.2,9.101471254403414,37.22715410375516,0.0,Left
267,SONICOM,65,1.4559,0.995109,1.84122,1.54422,6.08102,2.72615,0.57,1.23,1.13,0.3,4.137259559417351,21.166805070848174,1.0,Right
218,SONICOM,5,1.27922,0.846561,1.39386,1.45816,5.62636,2.68499,0.76,0.98,1.08,0.21,6.565402495349268,25.686896485130067,1.0,Right
122,SONICOM,75,1.75603,0.823069,1.55206,1.33541,6.56415,2.8769,0.64,1.38,1.05,0.33,4.128328906978734,41.846766125007875,0.0,Left
5,HUTUBS,6,1.5436,1.0189,1.8798,2.0981,5.8977,2.8456,0.58,1.19,1.18,0.34,23.8598,20.737,0.0,Left
200,HUTUBS,76,1.6817,0.9299,1.9026,1.9496,6.0763,2.9938,0.56,1.04,1.14,0.42,16.9005,29.6004,1.0,Right
239,SONICOM,30,1.60928,0.847108,1.79223,1.43059,5.32691,3.14509,0.47,0.88,0.82,0.3,14.485309795600955,20.794442401939524,1.0,Right
298,SONICOM,105,1.76587,0.983763,1.67984,1.74609,6.37099,3.0495,0.57,0.92,1.03,0.34,8.721317068682117,22.541100339567038,1.0,Right
248,SONICOM,40,1.47935,0.916149,2.19784,1.55995,5.62294,3.14294,0.63,0.97,0.97,0.29,8.711232148718759,21.804627204305813,1.0,Right
126,SONICOM,79,1.882,1.16551,1.7589,2.14971,6.86136,3.12623,0.78,1.13,1.24,0.26,9.556536453147263,20.14613160920993,0.0,Left
83,SONICOM,26,1.6884,0.927257,1.64323,1.55413,5.90876,2.71771,0.51,1.11,1.09,0.27,0.7474946628494823,18.15727134591769,0.0,Left
302,SONICOM,172,1.39548,0.88223,1.70717,1.60525,5.51953,2.92887,0.55,0.76,0.88,0.53,2.417277943420524,21.28790775980839,1.0,Right
87,SONICOM,31,1.59362,0.976411,1.37537,1.71393,6.27861,3.05929,0.67,1.22,1.22,0.38,6.914592044364415,37.832850664075124,0.0,Left
101,SONICOM,47,1.684,0.903017,1.76748,1.20623,5.738,2.73066,0.5,1.07,1.09,0.31,9.331366635669285,25.458878379803238,0.0,Left
